-- phpMyAdmin SQL Dump
-- version 4.0.10deb1
-- http://www.phpmyadmin.net
--
-- 主机: localhost
-- 生成日期: 2014-07-16 13:49:50
-- 服务器版本: 5.5.37-0ubuntu0.14.04.1
-- PHP 版本: 5.5.9-1ubuntu4.3

SET SQL_MODE = "NO_AUTO_VALUE_ON_ZERO";
SET time_zone = "+00:00";


/*!40101 SET @OLD_CHARACTER_SET_CLIENT=@@CHARACTER_SET_CLIENT */;
/*!40101 SET @OLD_CHARACTER_SET_RESULTS=@@CHARACTER_SET_RESULTS */;
/*!40101 SET @OLD_COLLATION_CONNECTION=@@COLLATION_CONNECTION */;
/*!40101 SET NAMES utf8 */;

--
-- 数据库: `DB`
--

-- --------------------------------------------------------

--
-- 表的结构 `CODE_FILE`
--

CREATE TABLE IF NOT EXISTS `CODE_FILE` (
  `CODE_ID` int(10) NOT NULL AUTO_INCREMENT,
  `USER_ID` varchar(16) NOT NULL,
  `QUESTION_ID` varchar(32) NOT NULL,
  `FILE_PATH` varchar(255) NOT NULL,
  `FILE_NAME` varchar(64) NOT NULL,
  `NUMBER_LINE` int(8) DEFAULT NULL,
  `TOKEN_FILE_PATH_NAME` varchar(255) DEFAULT NULL,
  `CHARACTER_FILE_PATH_NAME` varchar(255) DEFAULT NULL,
  `SUBMIT_DATE` date NOT NULL,
  PRIMARY KEY (`CODE_ID`)
) ENGINE=InnoDB  DEFAULT CHARSET=utf8 COMMENT='程序代码文件信息表' AUTO_INCREMENT=149 ;

--
-- 转存表中的数据 `CODE_FILE`
--

INSERT INTO `CODE_FILE` (`CODE_ID`, `USER_ID`, `QUESTION_ID`, `FILE_PATH`, `FILE_NAME`, `NUMBER_LINE`, `TOKEN_FILE_PATH_NAME`, `CHARACTER_FILE_PATH_NAME`, `SUBMIT_DATE`) VALUES
(61, '1', '00010001000100000000000000001003', 'static/code_files/00010001000100000000000000001003/', '1001_team023.cpp', NULL, NULL, NULL, '2014-07-14'),
(62, '1', '00010001000100000000000000001003', 'static/code_files/00010001000100000000000000001003/', '1001_team129.cpp', NULL, NULL, NULL, '2014-07-14'),
(63, '1', '00010001000100000000000000001003', 'static/code_files/00010001000100000000000000001003/', 'prob1_2.cpp', NULL, NULL, NULL, '2014-07-14'),
(64, '1', '00010001000100000000000000001003', 'static/code_files/00010001000100000000000000001003/', 'prob1_7.cpp', NULL, NULL, NULL, '2014-07-14'),
(65, '1', '00010001000100000000000000001003', 'static/code_files/00010001000100000000000000001003/', 'prob2_0.cpp', NULL, NULL, NULL, '2014-07-14'),
(66, '1', '00010001000100000000000000001003', 'static/code_files/00010001000100000000000000001003/', 'prob6_2.cpp', NULL, NULL, NULL, '2014-07-14'),
(67, '1', '00010001000100000000000000001003', 'static/code_files/00010001000100000000000000001003/', '1001_team023.cpp', NULL, NULL, NULL, '2014-07-14'),
(68, '1', '00010001000100000000000000001003', 'static/code_files/00010001000100000000000000001003/', '1001_team129.cpp', NULL, NULL, NULL, '2014-07-14'),
(69, '1', '00010001000100000000000000001003', 'static/code_files/00010001000100000000000000001003/', 'prob1_2.cpp', NULL, NULL, NULL, '2014-07-14'),
(70, '1', '00010001000100000000000000001003', 'static/code_files/00010001000100000000000000001003/', 'prob1_3.cpp', NULL, NULL, NULL, '2014-07-14'),
(71, '1', '00010001000100000000000000001003', 'static/code_files/00010001000100000000000000001003/', 'prob1_7.cpp', NULL, NULL, NULL, '2014-07-14'),
(72, '1', '00010001000100000000000000001003', 'static/code_files/00010001000100000000000000001003/', 'prob2_0.cpp', NULL, NULL, NULL, '2014-07-14'),
(73, '1', '00010001000100000000000000001003', 'static/code_files/00010001000100000000000000001003/', 'prob6_2.cpp', NULL, NULL, NULL, '2014-07-14'),
(74, '1', '00010001000100000000000000001003', 'static/code_files/00010001000100000000000000001003/', '1001_team023.cpp', NULL, NULL, NULL, '2014-07-14'),
(75, '1', '00010001000100000000000000001003', 'static/code_files/00010001000100000000000000001003/', '1001_team129.cpp', NULL, NULL, NULL, '2014-07-14'),
(76, '1', '00010001000100000000000000001003', 'static/code_files/00010001000100000000000000001003/', 'prob1_2.cpp', NULL, NULL, NULL, '2014-07-14'),
(77, '1', '00010001000100000000000000001003', 'static/code_files/00010001000100000000000000001003/', 'prob1_3.cpp', NULL, NULL, NULL, '2014-07-14'),
(78, '1', '00010001000100000000000000001003', 'static/code_files/00010001000100000000000000001003/', 'prob1_4.cpp', NULL, NULL, NULL, '2014-07-14'),
(79, '1', '00010001000100000000000000001003', 'static/code_files/00010001000100000000000000001003/', 'prob1_6.cpp', NULL, NULL, NULL, '2014-07-14'),
(80, '1', '00010001000100000000000000001003', 'static/code_files/00010001000100000000000000001003/', 'prob1_7.cpp', NULL, NULL, NULL, '2014-07-14'),
(81, '1', '00010001000100000000000000001003', 'static/code_files/00010001000100000000000000001003/', 'prob2_0.cpp', NULL, NULL, NULL, '2014-07-14'),
(82, '1', '00010001000100000000000000001003', 'static/code_files/00010001000100000000000000001003/', 'prob6_2.cpp', NULL, NULL, NULL, '2014-07-14'),
(83, '1', '00010001000200000000000000001002', 'static/code_files/00010001000200000000000000001002/', 'prob1_5.cpp', NULL, NULL, NULL, '2014-07-14'),
(84, '1', '00010001000200000000000000001002', 'static/code_files/00010001000200000000000000001002/', 'prob2_0.cpp', NULL, NULL, NULL, '2014-07-14'),
(85, '1', '00010001000100000000000000001003', 'static/code_files/00010001000100000000000000001003/', '1001_team023.cpp', NULL, NULL, NULL, '2014-07-14'),
(86, '1', '00010001000100000000000000001003', 'static/code_files/00010001000100000000000000001003/', '1001_team129.cpp', NULL, NULL, NULL, '2014-07-14'),
(87, '1', '00010001000100000000000000001003', 'static/code_files/00010001000100000000000000001003/', 'prob1_2.cpp', NULL, NULL, NULL, '2014-07-14'),
(88, '1', '00010001000100000000000000001003', 'static/code_files/00010001000100000000000000001003/', 'prob1_3.cpp', NULL, NULL, NULL, '2014-07-14'),
(89, '1', '00010001000100000000000000001003', 'static/code_files/00010001000100000000000000001003/', 'prob1_4.cpp', NULL, NULL, NULL, '2014-07-14'),
(90, '1', '00010001000100000000000000001003', 'static/code_files/00010001000100000000000000001003/', 'prob1_6.cpp', NULL, NULL, NULL, '2014-07-14'),
(91, '1', '00010001000100000000000000001003', 'static/code_files/00010001000100000000000000001003/', 'prob1_7.cpp', NULL, NULL, NULL, '2014-07-14'),
(92, '1', '00010001000100000000000000001003', 'static/code_files/00010001000100000000000000001003/', 'prob2_0.cpp', NULL, NULL, NULL, '2014-07-14'),
(93, '1', '00010001000100000000000000001003', 'static/code_files/00010001000100000000000000001003/', 'prob3_0.cpp', NULL, NULL, NULL, '2014-07-14'),
(94, '1', '00010001000100000000000000001003', 'static/code_files/00010001000100000000000000001003/', 'prob6_2.cpp', NULL, NULL, NULL, '2014-07-14'),
(95, '1', '00010001000100000000000000001002', 'static/code_files/00010001000100000000000000001002/', '1001_team019.cpp', NULL, NULL, NULL, '2014-07-16'),
(96, '1', '00010001000100000000000000001002', 'static/code_files/00010001000100000000000000001002/', '1001_team023.cpp', NULL, NULL, NULL, '2014-07-16'),
(97, '1', '00010001000100000000000000001002', 'static/code_files/00010001000100000000000000001002/', '1001_team019.cpp', NULL, NULL, NULL, '2014-07-16'),
(98, '1', '00010001000100000000000000001002', 'static/code_files/00010001000100000000000000001002/', '1001_team023.cpp', NULL, NULL, NULL, '2014-07-16'),
(99, '1', '00010001000100000000000000001002', 'static/code_files/00010001000100000000000000001002/', '1001_team029.cpp', NULL, NULL, NULL, '2014-07-16'),
(100, '1', '00010001000100000000000000001003', 'static/code_files/00010001000100000000000000001003/', '1001_team023.cpp', NULL, NULL, NULL, '2014-07-16'),
(101, '1', '00010001000100000000000000001003', 'static/code_files/00010001000100000000000000001003/', '1001_team073.cpp', NULL, NULL, NULL, '2014-07-16'),
(102, '1', '00010001000100000000000000001003', 'static/code_files/00010001000100000000000000001003/', '1001_team129.cpp', NULL, NULL, NULL, '2014-07-16'),
(103, '1', '00010001000100000000000000001003', 'static/code_files/00010001000100000000000000001003/', 'prob1_2.cpp', NULL, NULL, NULL, '2014-07-16'),
(104, '1', '00010001000100000000000000001003', 'static/code_files/00010001000100000000000000001003/', 'prob1_3.cpp', NULL, NULL, NULL, '2014-07-16'),
(105, '1', '00010001000100000000000000001003', 'static/code_files/00010001000100000000000000001003/', 'prob1_4.cpp', NULL, NULL, NULL, '2014-07-16'),
(106, '1', '00010001000100000000000000001003', 'static/code_files/00010001000100000000000000001003/', 'prob1_6.cpp', NULL, NULL, NULL, '2014-07-16'),
(107, '1', '00010001000100000000000000001003', 'static/code_files/00010001000100000000000000001003/', 'prob1_7.cpp', NULL, NULL, NULL, '2014-07-16'),
(108, '1', '00010001000100000000000000001003', 'static/code_files/00010001000100000000000000001003/', 'prob2_0.cpp', NULL, NULL, NULL, '2014-07-16'),
(109, '1', '00010001000100000000000000001003', 'static/code_files/00010001000100000000000000001003/', 'prob3_0.cpp', NULL, NULL, NULL, '2014-07-16'),
(110, '1', '00010001000100000000000000001003', 'static/code_files/00010001000100000000000000001003/', 'prob6_2.cpp', NULL, NULL, NULL, '2014-07-16'),
(111, '1', '00010001000100000000000000001001', 'static/code_files/00010001000100000000000000001001/', '1001_team023.cpp', NULL, NULL, NULL, '2014-07-16'),
(112, '1', '00010001000100000000000000001001', 'static/code_files/00010001000100000000000000001001/', '1001_team028.cpp', NULL, NULL, NULL, '2014-07-16'),
(113, '1', '00010001000100000000000000001001', 'static/code_files/00010001000100000000000000001001/', '1001_team019.cpp', NULL, NULL, NULL, '2014-07-16'),
(114, '1', '00010001000100000000000000001001', 'static/code_files/00010001000100000000000000001001/', '1001_team023.cpp', NULL, NULL, NULL, '2014-07-16'),
(115, '1', '00010001000100000000000000001001', 'static/code_files/00010001000100000000000000001001/', '1001_team024.cpp', NULL, NULL, NULL, '2014-07-16'),
(116, '1', '00010001000100000000000000001001', 'static/code_files/00010001000100000000000000001001/', '1001_team028.cpp', NULL, NULL, NULL, '2014-07-16'),
(117, '1', '00010001000100000000000000001001', 'static/code_files/00010001000100000000000000001001/', '1001_team029.cpp', NULL, NULL, NULL, '2014-07-16'),
(118, '1', '00010001000100000000000000001001', 'static/code_files/00010001000100000000000000001001/', '1001_team058.cpp', NULL, NULL, NULL, '2014-07-16'),
(119, '1', '00010001000100000000000000001001', 'static/code_files/00010001000100000000000000001001/', '1001_team071.cpp', NULL, NULL, NULL, '2014-07-16'),
(120, '1', '00010001000100000000000000001001', 'static/code_files/00010001000100000000000000001001/', '1001_team073.cpp', NULL, NULL, NULL, '2014-07-16'),
(121, '1', '00010001000100000000000000001001', 'static/code_files/00010001000100000000000000001001/', '1001_team099.cpp', NULL, NULL, NULL, '2014-07-16'),
(122, '1', '00010001000100000000000000001001', 'static/code_files/00010001000100000000000000001001/', '1001_team102.cpp', NULL, NULL, NULL, '2014-07-16'),
(123, '1', '00010001000100000000000000001001', 'static/code_files/00010001000100000000000000001001/', '1001_team108.cpp', NULL, NULL, NULL, '2014-07-16'),
(124, '1', '00010001000100000000000000001001', 'static/code_files/00010001000100000000000000001001/', '1001_team129.cpp', NULL, NULL, NULL, '2014-07-16'),
(125, '1', '00010001000100000000000000001001', 'static/code_files/00010001000100000000000000001001/', '1001_team019.cpp', NULL, NULL, NULL, '2014-07-16'),
(126, '1', '00010001000100000000000000001001', 'static/code_files/00010001000100000000000000001001/', '1001_team023.cpp', NULL, NULL, NULL, '2014-07-16'),
(127, '1', '00010001000100000000000000001001', 'static/code_files/00010001000100000000000000001001/', '1001_team024.cpp', NULL, NULL, NULL, '2014-07-16'),
(128, '1', '00010001000100000000000000001001', 'static/code_files/00010001000100000000000000001001/', '1001_team028.cpp', NULL, NULL, NULL, '2014-07-16'),
(129, '1', '00010001000100000000000000001001', 'static/code_files/00010001000100000000000000001001/', '1001_team029.cpp', NULL, NULL, NULL, '2014-07-16'),
(130, '1', '00010001000100000000000000001001', 'static/code_files/00010001000100000000000000001001/', '1001_team058.cpp', NULL, NULL, NULL, '2014-07-16'),
(131, '1', '00010001000100000000000000001001', 'static/code_files/00010001000100000000000000001001/', '1001_team071.cpp', NULL, NULL, NULL, '2014-07-16'),
(132, '1', '00010001000100000000000000001001', 'static/code_files/00010001000100000000000000001001/', '1001_team073.cpp', NULL, NULL, NULL, '2014-07-16'),
(133, '1', '00010001000100000000000000001001', 'static/code_files/00010001000100000000000000001001/', '1001_team099.cpp', NULL, NULL, NULL, '2014-07-16'),
(134, '1', '00010001000100000000000000001001', 'static/code_files/00010001000100000000000000001001/', '1001_team102.cpp', NULL, NULL, NULL, '2014-07-16'),
(135, '1', '00010001000100000000000000001001', 'static/code_files/00010001000100000000000000001001/', '1001_team108.cpp', NULL, NULL, NULL, '2014-07-16'),
(136, '1', '00010001000100000000000000001001', 'static/code_files/00010001000100000000000000001001/', '1001_team129.cpp', NULL, NULL, NULL, '2014-07-16'),
(137, '1', '00010001000100000000000000001001', 'static/code_files/00010001000100000000000000001001/', '1001_team019.cpp', NULL, NULL, NULL, '2014-07-16'),
(138, '1', '00010001000100000000000000001001', 'static/code_files/00010001000100000000000000001001/', '1001_team023.cpp', NULL, NULL, NULL, '2014-07-16'),
(139, '1', '00010001000100000000000000001001', 'static/code_files/00010001000100000000000000001001/', '1001_team024.cpp', NULL, NULL, NULL, '2014-07-16'),
(140, '1', '00010001000100000000000000001001', 'static/code_files/00010001000100000000000000001001/', '1001_team028.cpp', NULL, NULL, NULL, '2014-07-16'),
(141, '1', '00010001000100000000000000001001', 'static/code_files/00010001000100000000000000001001/', '1001_team029.cpp', NULL, NULL, NULL, '2014-07-16'),
(142, '1', '00010001000100000000000000001001', 'static/code_files/00010001000100000000000000001001/', '1001_team058.cpp', NULL, NULL, NULL, '2014-07-16'),
(143, '1', '00010001000100000000000000001001', 'static/code_files/00010001000100000000000000001001/', '1001_team071.cpp', NULL, NULL, NULL, '2014-07-16'),
(144, '1', '00010001000100000000000000001001', 'static/code_files/00010001000100000000000000001001/', '1001_team073.cpp', NULL, NULL, NULL, '2014-07-16'),
(145, '1', '00010001000100000000000000001001', 'static/code_files/00010001000100000000000000001001/', '1001_team099.cpp', NULL, NULL, NULL, '2014-07-16'),
(146, '1', '00010001000100000000000000001001', 'static/code_files/00010001000100000000000000001001/', '1001_team102.cpp', NULL, NULL, NULL, '2014-07-16'),
(147, '1', '00010001000100000000000000001001', 'static/code_files/00010001000100000000000000001001/', '1001_team108.cpp', NULL, NULL, NULL, '2014-07-16'),
(148, '1', '00010001000100000000000000001001', 'static/code_files/00010001000100000000000000001001/', '1001_team129.cpp', NULL, NULL, NULL, '2014-07-16');

-- --------------------------------------------------------

--
-- 表的结构 `DETECTION_RESULT`
--

CREATE TABLE IF NOT EXISTS `DETECTION_RESULT` (
  `CODE_ID` varchar(64) NOT NULL,
  `SIMILAR_CODE_ID` varchar(64) NOT NULL,
  `SIMILARITY` float(5,4) NOT NULL,
  `DETECTION_RESULT_FILE_PATH_NAME` varchar(255) NOT NULL,
  `DETECTION_DATE` date NOT NULL,
  PRIMARY KEY (`CODE_ID`,`SIMILAR_CODE_ID`)
) ENGINE=InnoDB DEFAULT CHARSET=utf8 COMMENT='代码相似性检测结果信息表';

-- --------------------------------------------------------

--
-- 表的结构 `QUESTION`
--

CREATE TABLE IF NOT EXISTS `QUESTION` (
  `QUESTION_ID` varchar(32) NOT NULL,
  `QUESTION_TYPE_ID` varchar(16) NOT NULL,
  `QUESTION_TYPE_NAME` varchar(64) NOT NULL,
  `USER_ID` int(11) NOT NULL,
  `USER_NAME` varchar(64) NOT NULL,
  `QUESTION_TITLE` varchar(64) NOT NULL,
  `QUESTION_FILE_PATH` varchar(255) NOT NULL,
  `QUESTION_FILE_NAME` varchar(64) NOT NULL,
  `QUESTION_SUBMIT_DATE` date NOT NULL,
  PRIMARY KEY (`QUESTION_ID`)
) ENGINE=InnoDB DEFAULT CHARSET=utf8;

--
-- 转存表中的数据 `QUESTION`
--

INSERT INTO `QUESTION` (`QUESTION_ID`, `QUESTION_TYPE_ID`, `QUESTION_TYPE_NAME`, `USER_ID`, `USER_NAME`, `QUESTION_TITLE`, `QUESTION_FILE_PATH`, `QUESTION_FILE_NAME`, `QUESTION_SUBMIT_DATE`) VALUES
('00010001000100000000000000001001', '0001000100010000', '2013长春赛区', 2, '2013长春赛区', 'Poker Shuffle', '/temp/2013Changchun/', '2013Changchun Online1001.pdf', '2014-06-01'),
('00010001000100000000000000001002', '0001000100010000', '2013长春赛区', 2, '2013长春赛区', 'Good Firewall', '/temp/2013Changchun/', '2013Changchun Online1002.pdf', '2014-06-01'),
('00010001000100000000000000001003', '0001000100010000', '2013长春赛区', 2, '2013长春赛区', 'Sky', '/temp/2013Changchun/', '2013Changchun Online1003.pdf', '2014-06-01'),
('00010001000100000000000000001004', '0001000100010000', '2013长春赛区', 2, '2013长春赛区', 'Cut the Cake', '/temp/2013Changchun/', '2013Changchun Online1004.pdf', '2014-06-01'),
('00010001000100000000000000001005', '0001000100010000', '2013长春赛区', 2, '2013长春赛区', 'Theme Section', '/temp/2013Changchun/', '2013Changchun Online1005.pdf', '2014-06-01'),
('00010001000100000000000000001006', '0001000100010000', '2013长春赛区', 2, '2013长春赛区', 'Stone', '/temp/2013Changchun/', '2013Changchun Online1006.pdf', '2014-06-01'),
('00010001000100000000000000001007', '0001000100010000', '2013长春赛区', 2, '2013长春赛区', 'Tsp', '/temp/2013Changchun/', '2013Changchun Online1007.pdf', '2014-06-01'),
('00010001000100000000000000001008', '0001000100010000', '2013长春赛区', 2, '2013长春赛区', 'Network', '/temp/2013Changchun/', '2013Changchun Online1008.pdf', '2014-06-01'),
('00010001000100000000000000001009', '0001000100010000', '2013长春赛区', 2, '2013长春赛区', 'Bell', '/temp/2013Changchun/', '2013Changchun Online1009.pdf', '2014-06-01'),
('00010001000100000000000000001010', '0001000100010000', '2013长春赛区', 2, '2013长春赛区', 'Flyer', '/temp/2013Changchun/', '2013Changchun Online1010.pdf', '2014-06-01'),
('00010001000100000000000000001011', '0001000100010000', '2013长春赛区', 2, '2013长春赛区', 'Sword', '/temp/2013Changchun/', '2013Changchun Online1011.pdf', '2014-06-01'),
('00010001000200000000000000001001', '0001000100020000', '2013成都赛区', 3, '2013成都赛区', 'A Game in the Hospital', '/temp/2013Chengdu/', '2013Chengdu Online1001.pdf', '2014-06-01'),
('00010001000200000000000000001002', '0001000100020000', '2013成都赛区', 3, '2013成都赛区', 'An Easy Problem for Elfness ', '/temp/2013Chengdu/', '2013Chengdu Online1002.pdf', '2014-06-01'),
('00010001000200000000000000001003', '0001000100020000', '2013成都赛区', 3, '2013成都赛区', 'We Love MOE Girls ', '/temp/2013Chengdu/', '2013Chengdu Online1003.pdf', '2014-06-01'),
('00010001000200000000000000001004', '0001000100020000', '2013成都赛区', 3, '2013成都赛区', 'Minimum palindrome', '/temp/2013Chengdu/', '2013Chengdu Online1004.pdf', '2014-06-01'),
('00010001000200000000000000001005', '0001000100020000', '2013成都赛区', 3, '2013成都赛区', 'Round Table', '/temp/2013Chengdu/', '2013Chengdu Online1005.pdf', '2014-06-01'),
('00010001000200000000000000001006', '0001000100020000', '2013成都赛区', 3, '2013成都赛区', 'G(x)', '/temp/2013Chengdu/', '2013Chengdu Online1006.pdf', '2014-06-01'),
('00010001000200000000000000001007', '0001000100020000', '2013成都赛区', 3, '2013成都赛区', 'F(x)', '/temp/2013Chengdu/', '2013Chengdu Online1007.pdf', '2014-06-01'),
('00010001000200000000000000001008', '0001000100020000', '2013成都赛区', 3, '2013成都赛区', 'Little Wish~ lyrical step~', '/temp/2013Chengdu/', '2013Chengdu Online1008.pdf', '2014-06-01'),
('00010001000200000000000000001009', '0001000100020000', '2013成都赛区', 3, '2013成都赛区', 'This Is The Job The Bear Finds', '/temp/2013Chengdu/', '2013Chengdu Online1009.pdf', '2014-06-01'),
('00010001000200000000000000001010', '0001000100020000', '2013成都赛区', 3, '2013成都赛区', 'A Bit Fun', '/temp/2013Chengdu/', '2013Chengdu Online1010.pdf', '2014-06-01'),
('00010001000300000000000000001001', '0001000100030000', '2013杭州赛区', 4, '2013杭州赛区', 'Caocao''s Bridges', '/temp/2013Hangzhou/', '2013Hangzhou Online1001.pdf', '2014-06-01'),
('00010001000300000000000000001002', '0001000100030000', '2013杭州赛区', 4, '2013杭州赛区', 'Zhuge Liang''s Mines', '/temp/2013Hangzhou/', '2013Hangzhou Online1002.pdf', '2014-06-01'),
('00010001000300000000000000001003', '0001000100030000', '2013杭州赛区', 4, '2013杭州赛区', 'The Donkey of Gui ZHou', '/temp/2013Hangzhou/', '2013Hangzhou Online1003.pdf', '2014-06-01'),
('00010001000300000000000000001004', '0001000100030000', '2013杭州赛区', 4, '2013杭州赛区', 'Save Labman No.004', '/temp/2013Hangzhou/', '2013Hangzhou Online1004.pdf', '2014-06-01'),
('00010001000300000000000000001005', '0001000100030000', '2013杭州赛区', 4, '2013杭州赛区', 'Pinball Game 3D', '/temp/2013Hangzhou/', '2013Hangzhou Online1005.pdf', '2014-06-01'),
('00010001000300000000000000001006', '0001000100030000', '2013杭州赛区', 4, '2013杭州赛区', 'Sparrow', '/temp/2013Hangzhou/', '2013Hangzhou Online1006.pdf', '2014-06-01'),
('00010001000300000000000000001007', '0001000100030000', '2013杭州赛区', 4, '2013杭州赛区', 'Starloop System', '/temp/2013Hangzhou/', '2013Hangzhou Online1007.pdf', '2014-06-01'),
('00010001000300000000000000001008', '0001000100030000', '2013杭州赛区', 4, '2013杭州赛区', 'Two Rabbits', '/temp/2013Hangzhou/', '2013Hangzhou Online1008.pdf', '2014-06-01'),
('00010001000300000000000000001009', '0001000100030000', '2013杭州赛区', 4, '2013杭州赛区', 'Mophues', '/temp/2013Hangzhou/', '2013Hangzhou Online1009.pdf', '2014-06-01'),
('00010001000300000000000000001010', '0001000100030000', '2013杭州赛区', 4, '2013杭州赛区', 'Mex', '/temp/2013Hangzhou/', '2013Hangzhou Online1010.pdf', '2014-06-01'),
('00010001000400000000000000001001', '0001000100040000', '2013南京赛区', 5, '2013南京赛区', 'Area', '/temp/2013Nanjing/', '2013Nanjing Online1009.pdf', '2014-06-01'),
('00010001000400000000000000001002', '0001000100040000', '2013南京赛区', 5, '2013南京赛区', 'Parade Show', '/temp/2013Nanjing/', '2013Nanjing Online1002.pdf', '2014-06-01'),
('00010001000400000000000000001003', '0001000100040000', '2013南京赛区', 5, '2013南京赛区', 'Count The Pairs', '/temp/2013Nanjing/', '2013Nanjing Online1003.pdf', '2014-06-01'),
('00010001000400000000000000001004', '0001000100040000', '2013南京赛区', 5, '2013南京赛区', 'Divide Groups', '/temp/2013Nanjing/', '2013Nanjing Online1004.pdf', '2014-06-01'),
('00010001000400000000000000001005', '0001000100040000', '2013南京赛区', 5, '2013南京赛区', 'Polygon', '/temp/2013Nanjing/', '2013Nanjing Online1005.pdf', '2014-06-01'),
('00010001000400000000000000001006', '0001000100040000', '2013南京赛区', 5, '2013南京赛区', 'Fishhead''s Little Game', '/temp/2013Nanjing/', '2013Nanjing Online1006.pdf', '2014-06-01'),
('00010001000400000000000000001007', '0001000100040000', '2013南京赛区', 5, '2013南京赛区', 'Spacecraft Monitoring', '/temp/2013Nanjing/', '2013Nanjing Online1007.pdf', '2014-06-01'),
('00010001000400000000000000001008', '0001000100040000', '2013南京赛区', 5, '2013南京赛区', 'Heroes of Might and Magic', '/temp/2013Nanjing/', '2013Nanjing Online1008.pdf', '2014-06-01'),
('00010001000400000000000000001009', '0001000100040000', '2013南京赛区', 5, '2013南京赛区', 'Install Air Conditioning', '/temp/2013Nanjing/', '2013Nanjing Online1009.pdf', '2014-06-01'),
('00010001000400000000000000001010', '0001000100040000', '2013南京赛区', 5, '2013南京赛区', 'Tree', '/temp/2013Nanjing/', '2013Nanjing Online1010.pdf', '2014-06-01'),
('00010001000400000000000000001011', '0001000100040000', '2013南京赛区', 5, '2013南京赛区', 'Walk Through Squares', '/temp/2013Nanjing/', '2013Nanjing Online1011.pdf', '2014-06-01');

-- --------------------------------------------------------

--
-- 表的结构 `QUESTION_TYPE`
--

CREATE TABLE IF NOT EXISTS `QUESTION_TYPE` (
  `QUESTION_TYPE_ID` varchar(16) NOT NULL,
  `QUESTION_TYPE_NAME` varchar(64) NOT NULL,
  `QUESTION_TYPE_LEVEL` int(1) NOT NULL,
  `BELONG_QUESTION_TYPE_ID` varchar(16) NOT NULL,
  PRIMARY KEY (`QUESTION_TYPE_ID`)
) ENGINE=InnoDB DEFAULT CHARSET=utf8;

--
-- 转存表中的数据 `QUESTION_TYPE`
--

INSERT INTO `QUESTION_TYPE` (`QUESTION_TYPE_ID`, `QUESTION_TYPE_NAME`, `QUESTION_TYPE_LEVEL`, `BELONG_QUESTION_TYPE_ID`) VALUES
('0001000000000000', 'ACM竞赛', 1, '0000000000000000'),
('0001000100000000', '亚洲区预选赛', 2, '0001000000000000'),
('0001000100010000', '2013长春赛区', 3, '0001000100000000'),
('0001000100020000', '2013成都赛区', 3, '0001000100000000'),
('0001000100030000', '2013杭州赛区', 3, '0001000100000000'),
('0001000100040000', '2013南京赛区', 3, '0001000100000000');

-- --------------------------------------------------------

--
-- 表的结构 `USER`
--

CREATE TABLE IF NOT EXISTS `USER` (
  `USER_ID` int(11) NOT NULL AUTO_INCREMENT COMMENT '用户编号',
  `USER_NAME` varchar(64) NOT NULL COMMENT '用户名',
  `USER_PASSWORD` varchar(64) NOT NULL DEFAULT '12345678',
  `USER_TYPE` varchar(1) NOT NULL COMMENT '用户类别',
  `NAME` varchar(64) DEFAULT NULL COMMENT '姓名',
  `GENDER` varchar(1) DEFAULT NULL COMMENT '性别',
  `AFFILIATION` varchar(64) DEFAULT NULL COMMENT '单位',
  `EMAIL` varchar(128) DEFAULT NULL COMMENT '电子邮箱',
  `PHONE` varchar(32) DEFAULT NULL COMMENT '联系电话',
  PRIMARY KEY (`USER_ID`),
  UNIQUE KEY `USER_NAME` (`USER_NAME`)
) ENGINE=InnoDB  DEFAULT CHARSET=utf8 AUTO_INCREMENT=13 ;

--
-- 转存表中的数据 `USER`
--

INSERT INTO `USER` (`USER_ID`, `USER_NAME`, `USER_PASSWORD`, `USER_TYPE`, `NAME`, `GENDER`, `AFFILIATION`, `EMAIL`, `PHONE`) VALUES
(1, 'iamadmin', '123456qwe', '3', '李明', '男', '测试', '', ''),
(2, '2013长春赛区', '1qazxsw2', '1', NULL, NULL, NULL, NULL, NULL),
(3, 'hitwhteam1', '12345678', '1', NULL, NULL, NULL, NULL, NULL),
(4, 'hitwhteam2', '12345678', '1', NULL, NULL, NULL, NULL, NULL),
(5, 'hitwhteam3', '12345678', '1', NULL, NULL, NULL, NULL, NULL),
(6, 'hitwhteam4', '12345678', '1', NULL, NULL, NULL, NULL, NULL),
(7, 'hitwhteam5', '12345678', '1', NULL, NULL, NULL, NULL, NULL),
(8, 'hitwhteam6', '12345678', '1', NULL, NULL, NULL, NULL, NULL),
(9, 'hitwhteam7', '12345678', '1', NULL, NULL, NULL, NULL, NULL),
(10, 'hitwhteam8', '12345678', '1', NULL, NULL, NULL, NULL, NULL),
(11, 'hitwhteam9', '12345678', '1', NULL, NULL, NULL, NULL, NULL),
(12, 'hitwhteam10', '12345678', '1', NULL, NULL, NULL, NULL, NULL);

/*!40101 SET CHARACTER_SET_CLIENT=@OLD_CHARACTER_SET_CLIENT */;
/*!40101 SET CHARACTER_SET_RESULTS=@OLD_CHARACTER_SET_RESULTS */;
/*!40101 SET COLLATION_CONNECTION=@OLD_COLLATION_CONNECTION */;
